{"cameraMode":{"drawMode":0,"name":"Shaded","section":"Shading Mode"},"sceneLighting":true,"audioPlay":false,"sceneViewState":{"m_AlwaysRefresh":false,"showFog":true,"showSkybox":true,"showFlares":true,"showImageEffects":true,"showParticleSystems":true,"showVisualEffectGraphs":true,"m_FxEnabled":true},"in2DMode":false,"pivot":{"x":18.05803108215332,"y":13.161060333251954,"z":-10.32492446899414},"rotation":{"x":-0.0343308262526989,"y":0.0976048931479454,"z":0.0033430939074605705,"w":0.9946489930152893},"size":14.02670669555664,"orthographic":false}